Superfamily,Family,Genus,species,Code name3
Bombycoidea,Eupterotidae,Apha,aequalis,Aaeq
Tineoidea,Tineidae,Amydria,brevipennella,Abre
Pyraloidea,Pyralidae,Accinctapubes,albifasciata,Acal
Gelechioidea,Peleopodidae,Acria,ceramitis,Acer
Papilionoidea,Nymphalidae,Asterocampa,celtis,Acly
Zygaenoidea,Dalceridae,Acraga,coa,Acoa
Geometroidea,Uraniidae,Acropteris,sparsaria,Acro
Pterophoroidea,Pterophoridae,Agdistis,americana,Adam
Tortricoidea,Tortricidae,Aethes,promptana,Aesp
Yponomeutoidea,Heliodinidae,Aetole,tripunctella,Aetr
Bombycoidea,Brahmaeidae,Acanthobrahmaea,europaea,Aeuro
Noctuoidea,Erebidae,Amata,fortunei,Afor
Pterophoroidea,Pterophoridae,Agdistopis,sinhala,Agdi
Gracillarioidea,Roeslerstammiidae,Agriothera,elaeocarpophaga,Agel
Noctuoidea,Noctuidae,Agrotis,ipsilon,Agip
Gelechioidea,Elachistidae,Agonopterix,alstroemeriana,Agpt
Hydroptiloidea,Glossosomatidae,Agapetus,sp.,Agus
Geometroidea,Geometridae,Alsophila,pometaria,Ahpt
Cossoidea,Cossidae,Archaeoses,pentasema,Ahss
Zygaenoidea,Aididae,Aidos,osorius,Aios
Cossoidea,Brachodidae,Miscera,sp.,AK142
Nepticuloidea,Opostegidae,Gen. nov.,sp.,AK154
Alucitoidea,Alucitidae,Alucita,sp.,Alsp
Pyraloidea,Pyralidae,Ambesa,laetella,Ambe
Cossoidea,Castniidae,Amauta,cacica,Amca
Gelechioidea,Autostichidae,Autosticha,modicella,Amod
Gelechioidea,Gelechiidae,Aristotelia,mesotenebrella,Amst
Gracillarioidea,Gracillariidae,Phyllonorycter,aberrans,Anab
Tortricoidea,Tortricidae,Ancylis,sparulana,Ancy
Choreutoidea,Choreutidae,Anthophila,fabriciania,Anfa
Andesianoidea,Andesianidae,Andesiana,lamellata,Anla
Pterophoroidea,Pterophoridae,Anstenoptilia,marmarodactyla,Anma
Tortricoidea,Tortricidae,Anacrusis,piriferana,Anne
Zygaenoidea,Lacturidae,Anticrates,phaedima,Anph
Geometroidea,Geometridae,Archiearis,parthenias,Apar
Bombycoidea,Saturniidae,Antheraea,paukstadtorum,Apauk
Pyraloidea,Pyralidae,Polyterpnes,polyrrhoda,Aphy
Agathiphagoidea,Agathiphagidae,Agathiphaga,queenslandensis,Aquen
Tineoidea,Tineidae,Acrolophus,arcanellus,Arca
Gelechioidea,Elachistidae,Antaeotricha,renselariana,Aren
Tortricoidea,Tortricidae,Argyrotaenia,alliselana,Arga
Gelechioidea,Gelechiidae,Aroga,trialbomaculella,Arot
Tineoidea,Psychidae,Arrhenophanes,sp.,Arrp
Yponomeutoidea,Glyphipterigidae,Acrolepiopsis,sapporensis,Asap
Gelechioidea,Elachistidae,Aeolanthes,semiostrina,Asem
Bombycoidea,Apatelodidae,Apatelodes,torrefacta,Ator
Yponomeutoidea,Attevidae,Atteva,aurea,Atpu2
Adeloidea,Adelidae,Adela,trigrapha,Atr5
Tischerioidea,Tisheriidae,Astrotischeria,sp. nov.,Atth
Tortricoidea,Tortricidae,Auratonota,dispersa,Audi
Acanthopteroctetoidea,Acanthopteroctetidae,Acanthopteroctetes,unifascia,Aun2
Neopseustoidea,Neopseustidae,Apoplania,valdiviana,Avld
Adeloidea,Heliozelidae,Antispila,voraginella,Avog
Cimelioidea,Cimeliidae,Axia,margarita,Axsp
Tineoidea,Tineidae,Amydria,tenuivalva,Ayte
Gelechioidea,Gelechiidae,Stenolechia,bathrodyas,Ayth
Palaephatoidea,Palaephatidae,Azaleodes,sp.,Azal
Gelechioidea,Elachistidae,Bibarrambla,allenella,Ball
Tortricoidea,Tortricidae,Epiblema,abruptana,Basp
Geometroidea,Geometridae,Biston,betularia,Bbet
Immoidea,Immidae,Birthana,cleis,Bcle
Mimallonoidea,Mimallonidae,Bedosia,turgida,Bedg2
Bombycoidea,Bombycidae,Bombyx,mori,Bmor1 / 2
Phryganeoidea,Brachycentridae,Brachycentrus,nigrisoma,Bni2
Tortricoidea,Tortricidae,Bonagota,sp.,Bogo
Choreutoidea,Choreutidae,Brenthia,sp.,Bren
Noctuoidea,Nolidae,Blenina,senex,Bsex
Yponomeutoidea,Bedelliidae,Bedellia,somnulentella,Bsmu
Gracillarioidea,Bucculatricidae,Bucculatrix,sp.,Bucc
Carposinoidea,Carposinidae,Carposina,fernaldana,Cafd
Gracillarioidea,Gracillariidae,Cameraria,gautheriella,Caga
Tortricoidea,Tortricidae,Cnephasia,alfacarana,Calfa
Pyraloidea,Crambidae,Catoptria,oregonica,Caor
Noctuoidea,Erebidae,Catocala,ultronia,Caul
Noctuoidea,Notodontidae,Crinodes,besckei,Cbes
Gracillarioidea,Gracillariidae,Caloptilia,bimaculatella,Cbim
Bombycoidea,Anthelidae,Chelepteryx,collesi,Ccol
Gracillarioidea,Gracillariidae,Callisto,denticulella,Cdel
Adeloidea,Cecidosidae,Cecidoses,eremita,Cecid
Tortricoidea,Tortricidae,Cerace,sp.,Cera
Papilionoidea,Hesperiidae,Calpodes,ethlius,Cet
Papilionoidea,Pieridae,Colias,eurytheme,Ceur
Noctuoidea,Erebidae,Cisseps,fulvicollis,Cfu2
Gelechioidea,Elachistidae,Cosmiotes,illectella,Cill
Tortricoidea,Tortricidae,Acleris,semipurpurana,Cler
Gelechioidea,Coleophoridae,Coleophora,cratipennella,Clph
Geometroidea,Geometridae,Chlorosea,margaretaria,Cmar
Lasiocampoidea,Lasiocampidae,Chionopsyche,montana,Cmtn
Gelechioidea,Blastobasidae,Blastobasidae gen.,sp.,Cole
Tineoidea,Eriocottidae,Compsoctena,sp. nov.,Comp
Geometroidea,Sematuridae,Coronidia,orithea,Cooh
Carposinoidea,Copromorphidae,Copromorphidae gen.,sp.,Copro
Tineoidea,Tineidae,Cephimallota,chasanica,Cosa
Cossoidea,Cossidae,Spinulata,maruga,Cosla
Gelechioidea,Cosmopterigidae,Cosmopterix,sp.,Cosm
Cossoidea,Cossidae,Cossus,sp.,Coss
Pyraloidea,Crambidae,Cacographis,osteolalis,Coste
Bombycoidea,Eupterotidae,Cotana,serranotata,Cotan
Geometroidea,Geometridae,Campaea,perlata,Cper
Tortricoidea,Tortricidae,Cydia,pomonella,Cpo
Gelechioidea,Gelechiidae,Caryocolum,pulatella,Cpua
Gelechioidea,incertae sedis,Gelechioidea gen.,sp.,CR19
Papilionoidea,Hesperiidae,Coeliades,ramanatek,Cram
Adeloidea,Incurvariidae,Crinopteryx,familiella,Crin
Tortricoidea,Tortricidae,Choristoneura,rosaceana,Cros
Adeloidea,Adelidae,Cauchas,simpliciella,Csi
Cossoidea,Cossidae,Culama,crepera,Cucr
Papilionoidea,Lycaenidae,Curetis,bulis stigmata,Cure
Noctuoidea,Noctuidae,Cucullia,convexipennis,Cuvx
Lasiocampoidea,Lasiocampidae,Chondrostega,vandalicia,Cvan
Cossoidea,Cossidae,Chilecomadia,valdiviana,Cvdv
Papilionoidea,Hesperiidae,Cyclosemia,subcaerulea,Cycs3
Zygaenoidea,Cyclotornidae,Cyclotorna,sp.,Cyna
Zygaenoidea,Cyclotornidae,Cyclotorna,sp.,Cysp
Drepanoidea,Drepanidae,Cyclidia,substigmaria modesta,Cysu
Geometroidea,Geometridae,Cyclophora,nanaria,Cytr
Mimallonoidea,Mimallonidae,Druentia,alsa,Dals
Papilionoidea,Pieridae,Dismorphia,amphiona,Damp
Drepanoidea,Drepanidae,Drepana,arcuata,Darcu
Tortricoidea,Tortricidae,Decodes,asapheus,Dasa
Bombycoidea,Brahmaeidae,Dactyloceras,widenmani,Dawi
Tineoidea,Psychidae,Dysoptus,bilobus,Dbil
Adeloidea,Cecidosidae,Dicranoses,capsulifex,Dcap
Gelechioidea,Autostichidae,Deoclona,yuccasella,Deoy
Gelechioidea,Chimabachidae,Diurnea,fagella,Dfag
Eriocranioidea,Eriocraniidae,Dyseriocrania,griseocapitella,Dgr2
Yponomeutoidea,Glyphipterigidae,Digitivalva,hemiglypha,Dhem
Yponomeutoidea,Glyphipterigidae,Doxophyrtis,hydrocosma,Dhyd
Geometroidea,Geometridae,Dichromodes,"sp. ""7""",Dich
Yponomeutoidea,Glyphipterigidae,Diploschizia,impigritella,Dimp
Zygaenoidea,Dalceridae,Dalcerides,ingenita,Ding2
Noctuoidea,Oenosandridae,Discophlebia,sp.,Disc
Geometroidea,Geometridae,Dinophalus,sp. cf. lechriomita,Dlec
Pyraloidea,Crambidae,Dicymolomia,metalliferalis,Dmet
Drepanoidea,Doidae,Doa,"sp. ""Janzen01""",Doa
Gelechioidea,Oecophoridae,Deuterogonia,pudorina,Dpd
Noctuoidea,Notodontidae,Datana,drexelii,Dpe2
Papilionoidea,Nymphalidae,Danaus,plexippus,Dplex
Gelechioidea,Gelechiidae,Dichomeris,punctidiscella,Dpunc
Papilionoidea,Nymphalidae,Dynamine,sosthenes,Dsos
Zygaenoidea,Dalceridae,Acraga,philetera,Dsp
Cossoidea,Dudgeoneidae,Dudgeonea,sp.,Dudg
Thyridoidea,Thyrididae,Dysodia,"sp. ""Janzen06""",Dyso
Hepialoidea,Hepialidae,Elhamma,australasiae,Eate
Geometroidea,Geometridae,Earophila,badiata,Ebdt
Zygaenoidea,Limacodidae,Euclea,delphinii,Edel3
Tineoidea,Tineidae,Edosa,sp.,Edos
Mimallonoidea,Mimallonidae,Euphaneta,divisa,Edvs3
Cossoidea,Cossidae,Endoxyla,encalypti,Eeny
Gelechioidea,Elachistidae,Ethmia,eupostica,Eeu
Geometroidea,Epicopeiidae,Epicopeia,hainesii,Ehai
Gracillarioidea,Gracillariidae,Eumetriochroa,hederae,Ehdr
Tortricoidea,Tortricidae,Endothenia,hebesana,Eheb
Mimallonoidea,Mimallonidae,Eadmuna,"sp. ""Janzen01""",Ejzn
Yponomeutoidea,Heliodinidae,Epicroesa,metalliferalis,Emet
Pterophoroidea,Pterophoridae,Emmelina,monodactyla,Emon
Nepticuloidea,Nepticulidae,Enteucha,acetosae,Enac
Zygaenoidea,Epipyropidae,Epipomponia,nawai,Enaw
Gelechioidea,Elachistidae,Eupselia,carpocapsella,Epca
Epermenioidea,Epermeniidae,Epermenia,chaerophyllella,Epchh
Gracillarioidea,Gracillariidae,Epicephala,relictella,Epic
Epermenioidea,Epermeniidae,Epermenia,sp.,Epmn
Nepticuloidea,Nepticulidae,Ectoedemia,populella,Epo2
Micropterigoidea,Micropterigidae,Epimartyria,pardella,Eppd
Eriocranioidea,Eriocraniidae,Eriocraniella,aurosparsella,Erau
Noctuoidea,Nolidae,Earias,roseifera,Erof
Tineoidea,Eriocottidae,Eriocottis,sp. nov.,Ersn
Noctuoidea,Erebidae,Eudocima,salaminia,Esal
Eriocranioidea,Eriocraniidae,Eriocrania,semipurpurella,Ese2
Epermenioidea,Epermeniidae,Epermenia,sinjovi,Esji
Zygaenoidea,Epipyropidae,Fulgoraecia,exigua,Esp2
Pyraloidea,Crambidae,Evergestis,funalis,Esub
Tortricoidea,Tortricidae,Eugnosta,busckana,Etbk
Gelechioidea,Elachistidae,Elachista,tengstromi,Eten
Gelechioidea,Gelechiidae,Encolapta,tegulifera,Etgf
Zygaenoidea,Zygaenidae,Eterusia,aedea,Etsp
Tortricoidea,Tortricidae,Episimus,tyrius,Etyr
Geometroidea,Geometridae,Eupithecia,acutipennis,Euac
Tortricoidea,Tortricidae,Eucosma,picrodelta,Eucm
Tineoidea,Tineidae,Eudarcia,simulaticella,Euds
Papilionoidea,Papilionidae,Eurytides,branchus,Euryt
Tortricoidea,Tortricidae,Pelochrista,zomonana,Eusp
Tortricoidea,Tortricidae,Eulia,ministrana,Eutr
Bombycoidea,Endromidae,Endromis,versicolora,Eversicol
Tineoidea,Tineidae,Exoncotis,umbraticella,Exum
Tineoidea,Tineidae,Erechthias,zebrina,Ezeb
Gelechioidea,Elachistidae,Filinota,brunniceps,Fbrn
Noctuoidea,Notodontidae,Furcula,cinerea,Fci2
Nepticuloidea,Nepticulidae,Fomoria,hypericella,Fhyp
Pyraloidea,Pyralidae,Gauna,aegulsalis,Gaeg
Hepialoidea,Hepialidae,Gazoryctra,mathewi,Gazm
Tortricoidea,Tortricidae,Grapholita,delineana,Gdel
Thyridoidea,Thyrididae,Glanychus,insolitus,Gilt
Yponomeutoidea,Glyphipterigidae,Glyphipterix,sp.,Glpx
Cossoidea,Cossidae,Givira,mucidus,Gmuc
Gelechioidea,Autostichidae,Galagete,protozona,Gprot2
Noctuoidea,Notodontidae,Gluphisia,septentrionis,Gsep
Calliduloidea,Callidulidae,Griveaudia,vieui,Gvii
Noctuoidea,Euteliidae,Gyrtona,sp.,Gyrt
Adeloidea,Heliozelidae,Heliozela,aesella,Haes
Galacticoidea,Galacticidae,Homadaula,anisocentra,Hani
Tineoidea,Tineidae,Hapsifera,sp.,Haps
Drepanoidea,Drepanidae,Habrosyne,pyritoides,Hbpy
Papilionoidea,Nymphalidae,Heliconius,sara,Heli3
Geometroidea,Geometridae,Hasodima,elegans,Hens
Pyraloidea,Pyralidae,Hypsopygia,olinalis,Heol
Zygaenoidea,Epipyropidae,Heteropsyche,sp.,Heter
Choreutoidea,Choreutidae,Hemerophila,felis,Hfel
Hyblaeoidea,Hyblaeidae,Hyblaea,ibidias,Hibd
Gelechioidea,Stathmopodidae,Hieromantis,kurokoi,Hiku
Tortricoidea,Tortricidae,Hilarographa,undetermined,Hila
Zygaenoidea,Himantopteridae,Himantopteridae gen.,sp.,Hima
Tortricoidea,Tortricidae,Histura,perseavora,Hist
Gelechioidea,Batrachedridae,Batrachedra,sp.,Hlch
Bombycoidea,Sphingidae,Hyles,lineata,Hlin
Calliduloidea,Callidulidae,Helicomitra,pulchra,Hlpu
incertae sedis,,Heliocosma,melanotypa,Hmnt
Geometroidea,Sematuridae,Homidiana,sp.,Hodn
Papilionoidea,Hesperiidae,Hovala,"sp. ""1""",Hova
Gelechioidea,Elachistidae,Hypertropha,tortriciformis,Hptr
Geometroidea,Geometridae,Haematopis,grataria,Hrgi
Bombycoidea,Eupterotidae,Hoplojana,sp. cf. rhodoptera,Hrhd
Lasiocampoidea,Lasiocampidae,Heteropacha,rileyana,Hril
Papilionoidea,Hesperiidae,Hasora,chromus,Hsch
Heterobathmioidea,Heterobathmiidae,Heterobathmia,pseuderiocrania,Hsp2
Gelechioidea,Lecithoceridae,Homaloxestis,croceata,Htce
Tortricoidea,Tortricidae,Heppnerographa,tricesimana,Htmn
Gelechioidea,Cosmopterigidae,Hyposmocoma,turdella,Htur
Geometroidea,Geometridae,Hypobapta,xenomorpha,Hxen
Tineoidea,Tineidae,Hybroma,servulella,Hybs
Hyblaeoidea,Hyblaeidae,Hyblaea,firmamentum,Hyfm
Noctuoidea,Erebidae,Hypoprepia,miniata,Hymi
Hydropsychoidea,Hydropsychidae,Hydropsyche,sp.,Hysy
Noctuoidea,Noctuidae,Helicoverpa,zea,Hzea
Geometroidea,Geometridae,Idaea,dismissaria,Idms
Gelechioidea,Xyloryctidae,Illidgea,sp.,Illg
Immoidea,Immidae,Immidae gen. ÒJanzen01Ó,"sp. ""Janzen01""",Imja
Immoidea,Immidae,Imma,tetrascia,Imsp
Noctuoidea,Nolidae,Iscadia,producta,Ipdt
Bombycoidea,Saturniidae,Janiodes,laverna,Jcer
Bombycoidea,Eupterotidae,Jana,palliatella,Jpta
Tineoidea,Psychidae,Kearfottia,albifasciella,Kalb
Hepialoidea,Hepialidae,Korscheltellus,gracilis,Kgr13
Papilionoidea,Pieridae,Kricogonia,lyside,Klyd3
incertae sedis,Douglasiidae,Klimeschia,transversella,Ktr
Zygaenoidea,Lacturidae,Lacturidae gen.,sp.,Lact
Adeloidea,Prodoxidae,Lampronia,aenescens,Laenes2
Mimallonoidea,Mimallonidae,Lacosoma,chiridota,Lch2
Zygaenoidea,Megalopygidae,Lagoa,crispata,Lcr2
Noctuoidea,Erebidae,Lymantria,dispar,Ldi
Bombycoidea,Brahmaeidae,Lemonia,dumi,Ldumi2
Cossoidea,Metarbelidae,Lebedodes,cossula,Lebe
Gelechioidea,Lecithoceridae,Lecithocera,cheristis,Leci
Yponomeutoidea,Lyonetiidae,Leucoptera,coffeella,Leuco
Papilionoidea,Nymphalidae,Libytheana,carinenta bachmanii,Lica
Papilionoidea,Lycaenidae,Liphyra,brassolis,Liph
Cossoidea,Cossidae,Langsdorfia,lunifera,Llun
Gelechioidea,Lypusidae,Lypusa,maurella,Lmau
Lophocoronoidea,Lophocoronidae,Lophocorona,astiptica,Loas
Yponomeutoidea,Lyonetiidae,Lyonetia,prunifoliella,Lpfe
Yponomeutoidea,Glyphipterygidae,Lepidotarphius,perornatellus,Lpts
Lasiocampoidea,Lasiocampidae,Lasiocampa,quercus,Lquercus
Gelechioidea,Xyloryctidae,Leistarcha,scitissimella,Lsci
Zygaenoidea,Lacturidae,Lactura,subfervens,Lsub
Thyridoidea,Thyrididae,Rhodoneura,terminalis,Lte
Geometroidea,Uraniidae,Lyssa,zampa,Lza
Mnesarchaeoidea,Mnesarchaeidae,Mnesarchaea,acuta,Mac5
Pyraloidea,Pyralidae,Macrotheca,sp.,Macro
Lasiocampoidea,Lasiocampidae,Malacosoma,americanum,Mame2
Zygaenoidea,Dalceridae,Minacraga,plata,Mata
Nepticuloidea,Nepticulidae,Manoneura,basidactyla,Mbal
Tineoidea,Tineidae,Mea,bipunctella,Mbtl
Micropterigoidea,Micropterigidae,Micropterix,calthella,Mca2
Bombycoidea,Endromidae,Mirina,christophi,Mchr
Gelechioidea,Gelechiidae,Monochroa,cleodoroides,Mcls
Papilionoidea,Hedylidae,Macrosoma,conifera,Mcon
Cossoidea,Sesiidae,Melittia,cucurbitae,Mcuc2
Zygaenoidea,Megalopygidae,Mesoscia,dyari,Mdyi
Geometroidea,Uraniidae,Metorthocheilus,emarginatus,Meem
Carposinoidea,Carposinidae,Meridarchis,excisa,Merid
Pyraloidea,Pyralidae,Monoloxis,flavicinctalis,Mfla
Zygaenoidea,Megalopygidae,Megalopyge,lapena,Mglp
Micropterigoidea,Micropterigidae,Micropterigidae gen. nov.,sp. nov.,Micr
incertae sedis,Millieriidae,Millieria,dolosalis,Mido
Noctuoidea,Erebidae,Micronoctua,karsholti,Mka
Drepanoidea,Drepanidae,Macrauzata,maxima,Mmax
Noctuoidea,Nolidae,Meganola,phylla,Mmi1
Cossoidea,Metarbelidae,Metarbela,naumanni,Mnau
Tineoidea,Tineidae,Moraphaga,bucephala,Mobu
Tineoidea,Tineidae,Myrmecozela,ochracella,Moch
Tineoidea,Tineidae,Moerarchis,inconcisella,Moin
Gelechioidea,Momphidae,Mompha,cephalonthiella,Mom
Gelechioidea,Momphidae,Mompha,sp. nov.,Momph
Thyridoidea,Thyrididae,Microsca,paullula,Mpll3
Gelechioidea,Autostichidae,Autostchidae gen.,sp.,Mqrc
Bombycoidea,Sphingidae,Manduca,sexta,Mqui
Lasiocampoidea,Lasiocampidae,Macrothylacia,rubi,Mrubi
Drepanoidea,Drepanidae,Macrocilix,mysticata,Msys
Pyraloidea,Crambidae,Neurophyseta,conantia,Muso
Bombycoidea,Anthelidae,Munychryia,senicula,Muyc
Papilionoidea,Hesperiidae,Mysoria,ambigua,Myam
Tineoidea,Psychidae,Narycia,duplicella,Nard
Pyraloidea,Crambidae,Noorda,blitealis,Nblt
Tineoidea,Tineidae,Nemapogon,cloacella,Nclo
Adeloidea,Adelidae,Nemophora,sp.,Nemo
Bombycoidea,Anthelidae,Nataxa,flavescens,Nfla
Pyraloidea,Crambidae,Niphopyralis,chionesis,Niph
Neopseustoidea,Neopseustidae,Neopseustis,meyricki,Nmec
Adeloidea,Adelidae,Nematopogon,magnus,Nmgs
Zygaenoidea,Megalopygidae,Norape,tener,Nora
Geometroidea,Sematuridae,Sematura,luna,Nothsp
Noctuoidea,Nolidae,Negeta,signata,Nsig
Gelechioidea,Blastobasidae,Neoblastobasis,spiniharpella,Nspin
Zygaenoidea,Megalopygidae,Podalia,contigua,Octg
Gelechioidea,Lecithoceridae,Odites,leucostola,Odle
Hepialoidea,Hepialidae,Oxycanus,diremptus,Odrp
Geometroidea,Geometridae,Odontothera,"sp. ""valdiviata AH01""",Odsp
Noctuoidea,Oenosandridae,Oenosandra,boisduvalii,Oeno
Bombycoidea,Endromidae,Obertheuria,formosibia,Ofo
Tortricoidea,Tortricidae,Olethreutes,fasciatana,Olfa
Bombycoidea,Saturniidae,Oxytenis,modestia,Omod
Geometroidea,Geometridae,Orthonama,obstipata,Onst
Yponomeutoidea,Yponomeutidae,Cedestis,subfasciella,Opin1
Nepticuloidea,Opostegidae,Gen. nov.,sp.,Opns
Tineoidea,Psychidae,Oreopsyche,tenella,Oreo
Drepanoidea,Drepanidae,Oreta,rosea,Oros
Yponomeutoidea,Glyphipterigidae,Orthotelia,sparganella,Ospa
Tineoidea,Tineidae,Opogona,thiadelia,Othi
Hepialoidea,Palaeosetidae,Ogygioses,sp.,Ound
Yponomeutoidea,Ypsolophidae,Ochsenheimeria,urella,Oure
Eriocranioidea,Eriocraniidae,Eriocraniidae gen.,sp.,Pacer
Gelechioidea,Cosmopterigidae,Pancalia,schwartzella,Panla
Tortricoidea,Tortricidae,Cryptaspasma,sp.,Pasma
Tortricoidea,Tortricidae,Phricanthes,asperana,Pasp
Cossoidea,Castniidae,Paysandisia,archon,Pays
Bombycoidea,Phiditiidae,Phiditia,sp.,PBO
Cossoidea,Brachodidae,Pseudocossus,boisduvalii,Pbod
Adeloidea,Incurvariidae,Perthida,"sp. ""Canberra""",Pcan
Micropterigoidea,Micropterigidae,Palaeomicra,chalcophanes,Pccc
Tineoidea,Tineidae,Paraptica,concinerata,Pcoci
Pyraloidea,Crambidae,Petrophila,confusalis,Pcon
Tineoidea,Psychidae,Psyche,crassiorella,Pcra
Hydropsychoidea,Polycentropodidae,Plectrocnemia,conspersa,Pctb
Drepanoidea,Drepanidae,Pseudothyatira,cymatophoroides,Pcym
Tineoidea,Psychidae,Pseudarbela,sp. nov.,Pdba
Zygaenoidea,Limacodidae,Prolimacodes,badia,Pdbi
Nepticuloidea,Nepticulidae,Pectinivalva,"sp. ""B""",Pect
Papilionoidea,Lycaenidae,Poritia,erycinoides,Pedy
Tineoidea,Tineidae,Perissomastix,"sp. ""1""",Peri
Bombycoidea,Endromidae,Prismosticta,fenestrata,Pfene
Thyridoidea,Thyrididae,Pentina,flammans,Pfla
Cossoidea,Cossidae,Philiodoron,frater,Pfoc
Yponomeutoidea,Glyphipterigidae,Proditrix,gahniae,Pgah
Gelechioidea,Gelechiidae,Pectinophora,gossypiella,Pgos
Zygaenoidea,Zygaenidae,Phauda,mimica,Phau
Gracillarioidea,Gracillariidae,Phyllocnistis,citrella,Phcn
Noctuoidea,Erebidae,Phobolosia,anfracta,Phfr
Zygaenoidea,Limacodidae,Phobetron,hipparchia,Phih
Cossoidea,Sesiidae,Pennisetia,hylaeiformis,Phms
Gracillarioidea,Gracillariidae,Phyllonorycter,pomonella,Phyl
Tortricoidea,Tortricidae,Platynota,ideausalis,Pida2
Pyraloidea,Pyralidae,Plodia,interpunctella,Pin
Papilionoidea,Papilionidae,Parides,iphidamas,Piph3
Gelechioidea,Oecophoridae,Promalactis,jezonica,Pjez
Noctuoidea,Noctuidae,Caradrina,meralis,Platc
Pterophoroidea,Pterophoridae,Platyptilia,ignifera,Plty
Geometroidea,Epicopeiidae,Psychostrophia,melangaria,Pmel
Gracillarioidea,Gracillariidae,Phyllocnistis,longipalpus,Pmgl
Bombycoidea,Sphingidae,Paonias,myops,Pmyo
Bombycoidea,Eupterotidae,Panacela,sp.,Pncla
Pyraloidea,Crambidae,Pyrausta,zonalis,Pnex
Zygaenoidea,Limacodidae,Pantoctenia,prasina,Pntp
Choreutoidea,Choreutidae,Prochoreutis,sp.,Poeu
Hepialoidea,Hepialidae,Phymatopus,hectoides,Pohd
Zygaenoidea,Zygaenidae,Pollanisus,apicalis,Posp
Cossoidea,Cossidae,Psychogena,personalis,Ppls
Lasiocampoidea,Lasiocampidae,Poecilocampa,populi,Ppop
Carposinoidea,Copromorphidae,Phycomorpha,prasinochroa,Ppra
Pyraloidea,Crambidae,Phaeodropsis,alitemeralis,Ppy122
Adeloidea,Prodoxidae,Prodoxus,decipiens,Pqu
Nepticuloidea,Opostegidae,Opostega,quadristrigella,Pquadr2
Papilionoidea,Pieridae,Pieris,rapae,Prap
Gracillarioidea,Gracillariidae,Parectopa,robiniella,Prbn
Gelechioidea,Elachistidae,Psilocorsis,reflexella,Prfx
Cossoidea,Cossidae,Prionoxystus,robiniae,Prob2
Hepialoidea,Prototheoridae,Prototheora,sp.,Proto
Yponomeutoidea,Praydidae,Prays,fraxinella,Pryo
Tineoidea,Tineidae,Psecadiodes,aspersus,Psasp
Noctuoidea,Erebidae,Hypena,scabra,Psc2
Noctuoidea,Noctuidae,Mythimna,unipuncta,Psdl
Pyraloidea,Crambidae,Rupela,albina,Psh29
Zygaenoidea,Zygaenidae,Pryeria,sinica,Psin
Cossoidea,Sesiidae,Podosesia,syringae,Psy2
Papilionoidea,Pieridae,Pseudopontia,paradoxa,Ptdx
Calliduloidea,Callidulidae,Pterothysana,laticilia,Pter
Calliduloidea,Callidulidae,Pterodecta,felderi,Ptfe
Papilionoidea,Nymphalidae,Phyciodes,phaon,Ptha
Palaephatoidea,Palaephatidae,Palaephatus,luteolus,Ptus
Palaephatoidea,Palaephatidae,Ptyssoptera,sp.,Ptys
incertae sedis,,Pseudurgis,sp.,Purg
Tineoidea,Tineidae,Phereoeca,uterella,Putr
Tortricoidea,Tortricidae,Pseudatteria,volcanica,Pvol
Yponomeutoidea,Plutellidae,Plutella,xylostella,Pxy
Tineoidea,Tineidae,Pyloetis,mimosae,Pymi
Bombycoidea,Bombycidae,Quentalia,chromana,Quid
Gelechioidea,Lecithoceridae,Rhyzosthene,falciformis,Rfal
Gelechioidea,Scythrididae,Rhamphura,sp.,Rham
Rhyacophiloidea,Rhyacophilidae,Rhyacophila,dorsalis,Rhmd
Noctuoidea,Erebidae,Rivula,propinqualis,Rpro3
Gracillarioidea,Roeslerstammiidae,Roeslerstammia,pronubella,Rstm
Tineoidea,Tineidae,Scardiella,approximatella,Sapp
Tineoidea,Psychidae,Scoriodyta,suttonensis,Scdy
Schreckensteinioidea,Schreckensteiniidae,Schreckensteinia,"sp. ""2""",Schrk
Geometroidea,Geometridae,Scopula,limboundata,Scli
Pyraloidea,Crambidae,Eudonia,spenceri,Scsp
Gelechioidea,Stathmopodidae,Stathmopodidae gen.,sp.,ScspSC
Noctuoidea,Notodontidae,Spatalia,doerriesi,Sdoe
Geometroidea,Uraniidae,Syngria,druidaria,Sdru
Sericostomatoidea,Sericostomatidae,Sericostoma,sp.,Seic
Gelechioidea,Gelechiidae,Friseria,cockerelli,Seto
Papilionoidea,Lycaenidae,Strymon,eurytulus,Seur2
Noctuoidea,Noctuidae,Spodoptera,frugiperda,Sfr
Gelechioidea,Scythrididae,Scythris,immaculatella,Simm
Pyraloidea,Crambidae,Scirpophaga,incertulas,Sin
Schreckensteinioidea,Schreckensteiniidae,Schreckensteinia,sp.,Sktn
Carposinoidea,Carposinidae,Sosineura,mimica,Smim2
Bombycoidea,Saturniidae,Saturnia,naessigi,Snaes
Cossoidea,Castniidae,Synemon,plana,Spla
Gracillarioidea,Gracillariidae,Spulerina,dissotoma,Sput
Tortricoidea,Tortricidae,Sparganothis,reticulatana,Srtc
Thyridoidea,Thyrididae,Striglina,suzukii,Sski
Nepticuloidea,Nepticulidae,Stigmella,anomalella,Stan
Gelechioidea,Stathmopodidae,Stathmopoda,melanochra,Stmp
Pyraloidea,Crambidae,Syntonarcha,iriastis,Stna
Gelechioidea,Elachistidae,Stenoma,patens,Stpa
Zygaenoidea,Limacodidae,Strigivenifera,venata,Svta
Cossoidea,Brachodidae,Synechodes,coniophora,Syco
Cossoidea,Sesiidae,Synanthedon,exitiosa,Syex
Yponomeutoidea,Yponomeutidae,Scythropia,crataegella,Sytg
Micropterigoidea,Micropterigidae,Sabatinca,zonodoxa,Szo2
Yponomeutoidea,Yponomeutidae,Thecobathra,anas,Tan
Bombycoidea,Carthaeidae,Carthaea,saturnioides,TB032177
Tineoidea,Tineidae,Tineola,bisselliella,Tbi3
Noctuoidea,Noctuidae,Trichosea,champa,Tchmp
Tineoidea,Tineidae,Tinea,columbariella,Tco2
Tineoidea,Psychidae,Thyridopteryx,ephemeraeformis,Tep2
Adeloidea,Prodoxidae,Tridentaforma,fuscoleuca,Tfu2
Tischerioidea,Tischeriidae,Tischeria,ekebladella,Tgkb
Gelechioidea,Elachistidae,Thudaca,haplonota,Thap
Tischerioidea,Tischeriidae,Coptotriche,malifoliella,Thcn
Cossoidea,Castniidae,Telchin,licus pauperata,Tlic
Choreutoidea,Choreutidae,Tebenna,micalis,Tmic
Noctuoidea,Noctuidae,Trichoplusia,ni,Tni
Lasiocampoidea,Lasiocampidae,Tolype,notialis,Tnot
Choreutoidea,Choreutidae,Tortyra,sp.,Tort
Nepticuloidea,Nepticulidae,Trifurcula,pallidella,Tpad
Tineoidea,Tineidae,Trichophaga,tapetzella,Tpgt
Noctuoidea,Notodontidae,Thaumatopoea,pityocampa,Tpit
Geometroidea,Geometridae,Trichopteryx,carpinata,Trca
Limnephiloidea,Limnephilidae,Limnephilini gen.,sp.,Trili
Hepialoidea,Hepialidae,Trictena,argyrosticha,Trta
Mimallonoidea,Mimallonidae,Trogoptera,"sp. ""salvita DHJ02""",Tsav
Drepanoidea,Drepanidae,Tethea,consimilis,Ttms
Tineoidea,Psychidae,Typhonia,ciliaris,Tycl
Gelechioidea,Xyloryctidae,Tymbophora,peltastis,Tymb
Adeloidea,Prodoxidae,Tegeticula,yuccasella,Tyu2
Papilionoidea,Hesperiidae,Urbanus,doryssus,Udo
Geometroidea,Uraniidae,Urapteroides,astheniata,Uptd3
Urodoidea,Urodidae,Urodus,decens,Ursp
Papilionoidea,Nymphalidae,Vanessa,carye,Vane
Cossoidea,Sesiidae,Vitacea,polistiformis,Vipo
Adeloidea,Incurvariidae,Vespina,quercivora,Vqu2
Urodoidea,Urodidae,Wockia,asperipunctella,Wasp
Gelechioidea,Oecophoridae,Wingia,aurata,Win
Philopotamoidea,Philopotamidae,Wormaldia,moesta,Wmo2
Urodoidea,Urodidae,Wockia,koreana,Woc
Cossoidea,Cossidae,Xyleutes,mineus,Xmns
Tineoidea,Tineidae,Xystrologa,wielgusi,Xwi
Yponomeutoidea,Yponomeutidae,Yponomeuta,multipunctella,Ymul
Yponomeutoidea,Ypsolophidae,Ypsolopha,nigrimaculata,Yni
Yponomeutoidea,Yponomeutidae,Eucalantica,costaricae,Ysp
Cossoidea,Cossidae,Zeuzera,coffeae,Zcof
Zygaenoidea,Zygaenidae,Zygaena,fausta,Zgfa
,,,,
,,,,
,,,,
,,,,
,,,,
,,,,
,,,,
,,,,
,,,,
,,,,
,,,,
,,,,
,,,,
,,,,
,,,,
,,,,
,,,,
,,,,
,,,,
,,,,
,,,,
,,,,
,,,,
,,,,
,,,,
,,,,
,,,,
,,,,
,,,,
,,,,
,,,,
,,,,
,,,,
,,,,
,,,,
,,,,
,,,,
,,,,
,,,,
,,,,
,,,,